{"cameraMode":{"drawMode":31,"name":"Sprite Mask","section":"Miscellaneous"},"sceneLighting":false,"audioPlay":false,"sceneViewState":{"showFog":true,"showMaterialUpdate":false,"showSkybox":false,"showFlares":true,"showImageEffects":true,"showParticleSystems":true},"in2DMode":false,"pivot":{"x":-3.8776564598083498,"y":2.716865062713623,"z":-4.555943489074707},"rotation":{"x":-0.35152027010917666,"y":0.647173285484314,"z":-0.4485560357570648,"w":-0.5065105557441711},"size":2.0806472301483156,"orthographic":false}