{"cameraMode":{"drawMode":31,"name":"Sprite Mask","section":"Miscellaneous"},"sceneLighting":true,"audioPlay":false,"sceneViewState":{"showFog":true,"showMaterialUpdate":false,"showSkybox":true,"showFlares":true,"showImageEffects":true,"showParticleSystems":true},"in2DMode":false,"pivot":{"x":-9.313604354858399,"y":2.5961475372314455,"z":1.2408981323242188},"rotation":{"x":-0.40403658151626589,"y":0.07460670173168183,"z":-0.03258432447910309,"w":-0.9112263917922974},"size":28.1939697265625,"orthographic":false}