{"cameraMode":{"drawMode":31,"name":"Sprite Mask","section":"Miscellaneous"},"sceneLighting":false,"audioPlay":false,"sceneViewState":{"showFog":true,"showMaterialUpdate":false,"showSkybox":false,"showFlares":true,"showImageEffects":true,"showParticleSystems":true},"in2DMode":false,"pivot":{"x":-5.964753150939941,"y":5.174293518066406,"z":-5.744048595428467},"rotation":{"x":-0.37315571308135989,"y":0.6272602081298828,"z":-0.4793519675731659,"w":-0.4875297248363495},"size":2.105966806411743,"orthographic":false}