{"cameraMode":{"drawMode":31,"name":"Sprite Mask","section":"Miscellaneous"},"sceneLighting":false,"audioPlay":false,"sceneViewState":{"showFog":true,"showMaterialUpdate":false,"showSkybox":false,"showFlares":true,"showImageEffects":true,"showParticleSystems":true},"in2DMode":false,"pivot":{"x":-5.823431015014648,"y":4.269409656524658,"z":-1.1584727764129639},"rotation":{"x":0.4024147689342499,"y":-0.02901977300643921,"z":0.012047837488353253,"w":0.915009617805481},"size":2.7715375423431398,"orthographic":false}