{"cameraMode":{"drawMode":31,"name":"Sprite Mask","section":"Miscellaneous"},"sceneLighting":false,"audioPlay":false,"sceneViewState":{"showFog":true,"showMaterialUpdate":false,"showSkybox":false,"showFlares":true,"showImageEffects":true,"showParticleSystems":true},"in2DMode":false,"pivot":{"x":-8.33261489868164,"y":2.6886894702911379,"z":-6.22486686706543},"rotation":{"x":-0.10891080647706986,"y":0.870394229888916,"z":-0.22142308950424195,"w":-0.4262481927871704},"size":3.6081926822662355,"orthographic":false}