{"cameraMode":{"drawMode":31,"name":"Sprite Mask","section":"Miscellaneous"},"sceneLighting":false,"audioPlay":false,"sceneViewState":{"showFog":true,"showMaterialUpdate":false,"showSkybox":false,"showFlares":true,"showImageEffects":true,"showParticleSystems":true},"in2DMode":false,"pivot":{"x":-5.535717964172363,"y":8.937104225158692,"z":-4.183548927307129},"rotation":{"x":-0.19503922760486604,"y":0.18182429671287538,"z":-0.03683008998632431,"w":-0.9631058573722839},"size":2.6420295238494875,"orthographic":false}