{"cameraMode":{"drawMode":31,"name":"Sprite Mask","section":"Miscellaneous"},"sceneLighting":false,"audioPlay":false,"sceneViewState":{"showFog":true,"showMaterialUpdate":false,"showSkybox":false,"showFlares":true,"showImageEffects":true,"showParticleSystems":true},"in2DMode":false,"pivot":{"x":0.08250153064727783,"y":2.6845059394836427,"z":-0.25138044357299807},"rotation":{"x":0.1006343811750412,"y":0.013196427375078202,"z":-0.0014905824791640044,"w":0.9948869943618774},"size":3.8977203369140627,"orthographic":false}