{"cameraMode":{"drawMode":31,"name":"Sprite Mask","section":"Miscellaneous"},"sceneLighting":true,"audioPlay":false,"sceneViewState":{"showFog":true,"showMaterialUpdate":false,"showSkybox":true,"showFlares":true,"showImageEffects":true,"showParticleSystems":true},"in2DMode":false,"pivot":{"x":10.354840278625489,"y":1.371678352355957,"z":-10.025985717773438},"rotation":{"x":-0.23050230741500855,"y":-0.5067129135131836,"z":0.14326518774032594,"w":-0.8184106945991516},"size":6.6393609046936039,"orthographic":false}