{"cameraMode":{"drawMode":31,"name":"Sprite Mask","section":"Miscellaneous"},"sceneLighting":false,"audioPlay":false,"sceneViewState":{"showFog":true,"showMaterialUpdate":false,"showSkybox":false,"showFlares":true,"showImageEffects":true,"showParticleSystems":true},"in2DMode":false,"pivot":{"x":-6.41187047958374,"y":3.0162463188171388,"z":-0.8755550384521484},"rotation":{"x":-0.19133220613002778,"y":0.7899876832962036,"z":-0.4981301724910736,"w":-0.3022327423095703},"size":2.7715375423431398,"orthographic":false}