{"cameraMode":{"drawMode":31,"name":"Sprite Mask","section":"Miscellaneous"},"sceneLighting":false,"audioPlay":false,"sceneViewState":{"showFog":true,"showMaterialUpdate":false,"showSkybox":false,"showFlares":true,"showImageEffects":true,"showParticleSystems":true},"in2DMode":false,"pivot":{"x":-6.044492244720459,"y":4.169742107391357,"z":-1.2918460369110108},"rotation":{"x":0.4141327142715454,"y":-0.05748434364795685,"z":0.02549429051578045,"w":0.9081334471702576},"size":2.7715375423431398,"orthographic":false}