{"cameraMode":{"drawMode":31,"name":"Sprite Mask","section":"Miscellaneous"},"sceneLighting":true,"audioPlay":false,"sceneViewState":{"showFog":true,"showMaterialUpdate":false,"showSkybox":true,"showFlares":true,"showImageEffects":true,"showParticleSystems":true},"in2DMode":false,"pivot":{"x":-1.9167554378509522,"y":3.160160541534424,"z":10.220073699951172},"rotation":{"x":-0.48889297246932986,"y":-0.27253052592277529,"z":0.16409265995025636,"w":-0.8122946619987488},"size":4.588244438171387,"orthographic":false}