{"cameraMode":{"drawMode":31,"name":"Sprite Mask","section":"Miscellaneous"},"sceneLighting":true,"audioPlay":false,"sceneViewState":{"showFog":true,"showMaterialUpdate":false,"showSkybox":true,"showFlares":true,"showImageEffects":true,"showParticleSystems":true},"in2DMode":false,"pivot":{"x":-10.052932739257813,"y":7.247570037841797,"z":2.0479774475097658},"rotation":{"x":-0.3900560140609741,"y":0.026879070326685907,"z":-0.010880779474973679,"w":-0.9204459190368652},"size":31.290420532226564,"orthographic":false}