{"cameraMode":{"drawMode":31,"name":"Sprite Mask","section":"Miscellaneous"},"sceneLighting":false,"audioPlay":false,"sceneViewState":{"showFog":true,"showMaterialUpdate":false,"showSkybox":false,"showFlares":true,"showImageEffects":true,"showParticleSystems":true},"in2DMode":false,"pivot":{"x":-6.8975677490234379,"y":3.872648000717163,"z":0.4915347099304199},"rotation":{"x":0.1017492264509201,"y":0.813883900642395,"z":-0.15126797556877137,"w":0.5518403649330139},"size":1.797379970550537,"orthographic":false}