{"cameraMode":{"drawMode":31,"name":"Sprite Mask","section":"Miscellaneous"},"sceneLighting":false,"audioPlay":false,"sceneViewState":{"showFog":true,"showMaterialUpdate":false,"showSkybox":false,"showFlares":true,"showImageEffects":true,"showParticleSystems":true},"in2DMode":false,"pivot":{"x":-7.349715709686279,"y":2.982978343963623,"z":-6.252436637878418},"rotation":{"x":-0.3185364902019501,"y":0.17970731854438783,"z":-0.06121962517499924,"w":-0.9287941455841065},"size":4.794033050537109,"orthographic":false}