{"cameraMode":{"drawMode":31,"name":"Sprite Mask","section":"Miscellaneous"},"sceneLighting":false,"audioPlay":false,"sceneViewState":{"showFog":true,"showMaterialUpdate":false,"showSkybox":false,"showFlares":true,"showImageEffects":true,"showParticleSystems":true},"in2DMode":false,"pivot":{"x":-2.991619825363159,"y":2.0119223594665529,"z":2.9090800285339357},"rotation":{"x":-0.19842663407325746,"y":-0.02439572662115097,"z":0.005417492240667343,"w":-0.9798787832260132},"size":2.070185899734497,"orthographic":false}