{"cameraMode":{"drawMode":31,"name":"Sprite Mask","section":"Miscellaneous"},"sceneLighting":true,"audioPlay":false,"sceneViewState":{"showFog":true,"showMaterialUpdate":false,"showSkybox":true,"showFlares":true,"showImageEffects":true,"showParticleSystems":true},"in2DMode":false,"pivot":{"x":0.032383523881435397,"y":4.5396504402160648,"z":0.1503770351409912},"rotation":{"x":-0.17928200960159303,"y":-0.025986146181821824,"z":0.005222986452281475,"w":-0.9835479855537415},"size":0.7886490225791931,"orthographic":false}