{"cameraMode":{"drawMode":31,"name":"Sprite Mask","section":"Miscellaneous"},"sceneLighting":false,"audioPlay":false,"sceneViewState":{"showFog":true,"showMaterialUpdate":false,"showSkybox":false,"showFlares":true,"showImageEffects":true,"showParticleSystems":true},"in2DMode":false,"pivot":{"x":-4.465323448181152,"y":3.3334431648254396,"z":0.24265670776367188},"rotation":{"x":0.4193859100341797,"y":0.3169511556625366,"z":-0.15962260961532594,"w":0.8356615304946899},"size":2.9261207580566408,"orthographic":false}