{"cameraMode":{"drawMode":31,"name":"Sprite Mask","section":"Miscellaneous"},"sceneLighting":false,"audioPlay":false,"sceneViewState":{"showFog":true,"showMaterialUpdate":false,"showSkybox":false,"showFlares":true,"showImageEffects":true,"showParticleSystems":true},"in2DMode":false,"pivot":{"x":-7.640428066253662,"y":4.6087446212768559,"z":0.2482311725616455},"rotation":{"x":0.114891417324543,"y":-0.4542922377586365,"z":0.05857821926474571,"w":0.8815531730651856},"size":1.6116786003112794,"orthographic":false}