{"cameraMode":{"drawMode":31,"name":"Sprite Mask","section":"Miscellaneous"},"sceneLighting":false,"audioPlay":false,"sceneViewState":{"showFog":true,"showMaterialUpdate":false,"showSkybox":false,"showFlares":true,"showImageEffects":true,"showParticleSystems":true},"in2DMode":false,"pivot":{"x":8.749401092529297,"y":38.08926773071289,"z":39.49413299560547},"rotation":{"x":-0.3185364902019501,"y":0.17970731854438783,"z":-0.06121962517499924,"w":-0.9287941455841065},"size":109.61184692382813,"orthographic":false}