{"cameraMode":{"drawMode":31,"name":"Sprite Mask","section":"Miscellaneous"},"sceneLighting":false,"audioPlay":false,"sceneViewState":{"showFog":true,"showMaterialUpdate":false,"showSkybox":false,"showFlares":true,"showImageEffects":true,"showParticleSystems":true},"in2DMode":false,"pivot":{"x":-2.8079352378845217,"y":3.172434091567993,"z":-2.7491836547851564},"rotation":{"x":0.5324288606643677,"y":-0.4538317620754242,"z":0.41360607743263247,"w":0.5827938318252564},"size":2.9658374786376955,"orthographic":false}