{"cameraMode":{"drawMode":31,"name":"Sprite Mask","section":"Miscellaneous"},"sceneLighting":false,"audioPlay":false,"sceneViewState":{"showFog":true,"showMaterialUpdate":false,"showSkybox":false,"showFlares":true,"showImageEffects":true,"showParticleSystems":true},"in2DMode":false,"pivot":{"x":-5.076937675476074,"y":8.919090270996094,"z":8.936908721923829},"rotation":{"x":-0.047885190695524219,"y":0.13141867518424989,"z":-0.006249507889151573,"w":-0.9901746511459351},"size":6.807328701019287,"orthographic":false}