{"cameraMode":{"drawMode":31,"name":"Sprite Mask","section":"Miscellaneous"},"sceneLighting":true,"audioPlay":false,"sceneViewState":{"showFog":true,"showMaterialUpdate":false,"showSkybox":true,"showFlares":true,"showImageEffects":true,"showParticleSystems":true},"in2DMode":false,"pivot":{"x":-5.920798301696777,"y":9.22020149230957,"z":-13.308616638183594},"rotation":{"x":-0.01978168822824955,"y":0.9755755066871643,"z":-0.19751743972301484,"w":-0.09510742872953415},"size":10.999289512634278,"orthographic":false}