{"cameraMode":{"drawMode":31,"name":"Sprite Mask","section":"Miscellaneous"},"sceneLighting":false,"audioPlay":false,"sceneViewState":{"showFog":true,"showMaterialUpdate":false,"showSkybox":false,"showFlares":true,"showImageEffects":true,"showParticleSystems":true},"in2DMode":false,"pivot":{"x":-8.400782585144043,"y":3.212883710861206,"z":-6.552701473236084},"rotation":{"x":-0.08848384767770767,"y":0.8856257200241089,"z":-0.1874847114086151,"w":-0.4157525599002838},"size":3.6081926822662355,"orthographic":false}